Day,Weekday,Race Number,Post Position,M/L Odds,Finish,Final Odds,Change In Odds
1,Friday,1,1,3.5,1,1.88,-1.62
1,Friday,1,2,15,6,12.46,-2.54
1,Friday,1,3,4.5,7,6.91,2.41
1,Friday,1,4,8,S,S,0
1,Friday,1,5,12,3,6.56,-5.44
1,Friday,1,6,20,S,S,0
1,Friday,1,7,6,4,9.39,3.39
1,Friday,1,8,6,2,2.99,-3.01
1,Friday,1,9,2.5,5,5.07,2.57
1,Friday,2,1,20,5,14.21,-5.79
1,Friday,2,2,30,3,31.84,1.84
1,Friday,2,3,6,2,5.85,-0.15
1,Friday,2,4,30,S,S,0
1,Friday,2,5,5,S,S,0
1,Friday,2,6,20,6,17.75,-2.25
1,Friday,2,7,12,9,47.19,35.19
1,Friday,2,8,30,8,23.72,-6.28
1,Friday,2,9,1.8,S,S,0
1,Friday,2,10,15,7,8.35,-6.65
1,Friday,2,11,10,4,21.01,11.01
1,Friday,2,12,4,1,0.46,-3.54
1,Friday,2,13,8,S,S,0
1,Friday,3,1,3,3,5.45,2.45
1,Friday,3,2,12,4,13.31,1.31
1,Friday,3,3,2,1,2.5,0.5
1,Friday,3,4,20,9,62.94,42.94
1,Friday,3,5,6,6,3.32,-2.68
1,Friday,3,6,4,2,2.69,-1.31
1,Friday,3,7,20,7,32.65,12.65
1,Friday,3,8,8,8,11.55,3.55
1,Friday,3,9,15,5,17.48,2.48
1,Friday,3,10,8,S,S,0
1,Friday,4,1,3,1,2.8,-0.2
1,Friday,4,2,20,6,60.78,40.78
1,Friday,4,3,15,8,23.41,8.41
1,Friday,4,4,20,7,36.93,16.93
1,Friday,4,5,6,5,16.53,10.53
1,Friday,4,6,10,2,3.55,-6.45
1,Friday,4,7,4,9,6.54,2.54
1,Friday,4,8,10,S,S,0
1,Friday,4,9,3.5,4,6.21,2.71
1,Friday,4,10,8,3,2.36,-5.64
1,Friday,5,1,6,4,13.72,7.72
1,Friday,5,2,3.5,S,S,0
1,Friday,5,3,15,2,12.9,-2.1
1,Friday,5,4,20,3,25.37,5.37
1,Friday,5,5,8,1,2.31,-5.69
1,Friday,5,6,15,10,29.12,14.12
1,Friday,5,7,4.5,6,3.29,-1.21
1,Friday,5,8,20,11,82.34,62.34
1,Friday,5,9,30,7,66.04,36.04
1,Friday,5,10,15,8,9.01,-5.99
1,Friday,5,11,8,5,3.8,-4.2
1,Friday,5,12,4,9,8.05,4.05
1,Friday,5,13,6,S,S,0
1,Friday,6,1,20,3,49.79,29.79
1,Friday,6,2,3.5,S,S,0
1,Friday,6,3,2.5,4,1.57,-0.93
1,Friday,6,4,50,6,80.4,30.4
1,Friday,6,5,1.8,5,1.21,-0.59
1,Friday,6,6,8,1,5.78,-2.22
1,Friday,6,7,6,2,5.66,-0.34
1,Friday,6,8,12,7,44.63,32.63
1,Friday,7,1,30,3,21.09,-8.91
1,Friday,7,2,10,S,S,0
1,Friday,7,3,8,1,4.45,-3.55
1,Friday,7,4,4.5,2,1.95,-2.55
1,Friday,7,5,10,8,15.43,5.43
1,Friday,7,6,30,4,64.01,34.01
1,Friday,7,7,20,S,S,0
1,Friday,7,8,20,S,S,0
1,Friday,7,9,2.5,6,1.82,-0.68
1,Friday,7,10,3.5,S,S,0
1,Friday,7,11,10,7,10.69,0.69
1,Friday,7,12,20,5,8.27,-11.73
1,Friday,8,1,12,11,9.88,-2.12
1,Friday,8,2,5,8,25.98,20.98
1,Friday,8,3,20,3,31.75,11.75
1,Friday,8,4,10,1,13.41,3.41
1,Friday,8,5,15,12,14.42,-0.58
1,Friday,8,6,4,9,4.22,0.22
1,Friday,8,7,8,4,33.51,25.51
1,Friday,8,8,4.5,5,3.38,-1.12
1,Friday,8,9,15,7,43.89,28.89
1,Friday,8,10,12,6,5.13,-6.87
1,Friday,8,11,8,10,8.74,0.74
1,Friday,8,12,10,2,5.23,-4.77
1,Friday,8,13,10,S,S,0
1,Friday,8,14,12,S,S,0
1,Friday,9,1,6,4,1.64,-4.36
1,Friday,9,2,30,5,55.11,25.11
1,Friday,9,3,4,1,9.45,5.45
1,Friday,9,4,8,8,17.06,9.06
1,Friday,9,5,10,6,53.75,43.75
1,Friday,9,6,3,2,4.63,1.63
1,Friday,9,7,2,3,2.02,0.02
1,Friday,9,8,8,7,7.52,-0.48
1,Friday,10,1,8,3,5.04,-2.96
1,Friday,10,2,4,2,4.42,0.42
1,Friday,10,3,6,10,4.92,-1.08
1,Friday,10,4,8,4,19.9,11.9
1,Friday,10,5,12,8,14.74,2.74
1,Friday,10,6,20,11,57.07,37.07
1,Friday,10,7,3.5,6,3.37,-0.13
1,Friday,10,8,30,7,89.56,59.56
1,Friday,10,9,4.5,5,3.72,-0.78
1,Friday,10,10,15,9,42.55,27.55
1,Friday,10,11,30,S,S,0
1,Friday,10,12,15,1,13.51,-1.49
1,Friday,10,13,15,S,S,0
1,Friday,10,14,8,S,S,0
2,Saturday,1,1,30,7,43.81,13.81
2,Saturday,1,2,20,6,22.19,2.19
2,Saturday,1,3,6,5,4.19,-1.81
2,Saturday,1,4,8,2,18.92,10.92
2,Saturday,1,5,4.5,1,3.05,-1.45
2,Saturday,1,6,10,S,S,0
2,Saturday,1,7,2.5,3,1.99,-0.51
2,Saturday,1,8,1.6,4,2.31,0.71
2,Saturday,2,1,20,S,S,0
2,Saturday,2,2,10,1,3.64,-6.36
2,Saturday,2,3,8,6,11.14,3.14
2,Saturday,2,4,0.8,2,3.43,2.63
2,Saturday,2,5,12,3,15.19,3.19
2,Saturday,2,6,4.5,4,1.48,-3.02
2,Saturday,2,7,3.5,5,3.9,0.4
2,Saturday,3,1,30,11,66.79,36.79
2,Saturday,3,2,12,10,13.13,1.13
2,Saturday,3,3,8,5,6.12,-1.88
2,Saturday,3,4,15,4,24,9
2,Saturday,3,5,5,2,6.48,1.48
2,Saturday,3,6,1.2,1,0.85,-0.35
2,Saturday,3,7,12,6,10.51,-1.49
2,Saturday,3,8,20,3,27.87,7.87
2,Saturday,3,9,50,8,88.58,38.58
2,Saturday,3,10,30,9,43.71,13.71
2,Saturday,3,11,15,7,88.59,73.59
2,Saturday,3,12,6,12,10.65,4.65
2,Saturday,4,1,1.2,7,0.87,-0.33
2,Saturday,4,2,3,2,5.89,2.89
2,Saturday,4,3,20,5,76.26,56.26
2,Saturday,4,4,4.5,3,4.13,-0.37
2,Saturday,4,5,15,4,20.38,5.38
2,Saturday,4,6,4,1,5.49,1.49
2,Saturday,4,7,12,6,8.69,-3.31
2,Saturday,5,1,30,12,80.49,50.49
2,Saturday,5,2,6,1,3.88,-2.12
2,Saturday,5,3,8,S,S,0
2,Saturday,5,4,20,3,31.06,11.06
2,Saturday,5,5,30,10,45.07,15.07
2,Saturday,5,6,20,8,28.36,8.36
2,Saturday,5,7,6,6,9.62,3.62
2,Saturday,5,8,12,11,48.18,36.18
2,Saturday,5,9,3.5,7,2.34,-1.16
2,Saturday,5,10,4,4,3.71,-0.29
2,Saturday,5,11,4.5,9,10.26,5.76
2,Saturday,5,12,20,5,32.46,12.46
2,Saturday,5,13,20,S,S,0
2,Saturday,5,14,6,2,5.99,-0.01
2,Saturday,6,1,30,7,24.72,-5.28
2,Saturday,6,2,4,3,1.99,-2.01
2,Saturday,6,3,10,S,S,0
2,Saturday,6,4,3,5,3.24,0.24
2,Saturday,6,5,20,6,28.73,8.73
2,Saturday,6,6,12,1,6.06,-5.94
2,Saturday,6,7,4.5,S,S,0
2,Saturday,6,8,8,4,7.01,-0.99
2,Saturday,6,9,2.5,2,2.54,0.04
2,Saturday,7,1,8,5,5.88,-2.12
2,Saturday,7,2,30,7,15.72,-14.28
2,Saturday,7,3,15,3,10.77,-4.23
2,Saturday,7,4,10,8,6.25,-3.75
2,Saturday,7,5,4.5,9,7.28,2.78
2,Saturday,7,6,10,6,4.73,-5.27
2,Saturday,7,7,20,12,78.81,58.81
2,Saturday,7,8,15,2,58.91,43.91
2,Saturday,7,9,4,1,6.52,2.52
2,Saturday,7,10,3,11,2.96,-0.04
2,Saturday,7,11,20,4,34.24,14.24
2,Saturday,7,12,10,10,39.6,29.6
2,Saturday,8,1,6,4,8.64,2.64
2,Saturday,8,2,3.5,3,4.88,1.38
2,Saturday,8,3,8,6,13.39,5.39
2,Saturday,8,4,30,8,54.12,24.12
2,Saturday,8,5,10,5,16.37,6.37
2,Saturday,8,6,2.5,1,2.16,-0.34
2,Saturday,8,7,20,7,5.23,-14.77
2,Saturday,8,8,2,2,2.38,0.38
2,Saturday,9,1,15,3,21.65,6.65
2,Saturday,9,2,12,11,11.67,-0.33
2,Saturday,9,3,3.5,2,2.21,-1.29
2,Saturday,9,4,8,10,6.61,-1.39
2,Saturday,9,5,20,5,33.52,13.52
2,Saturday,9,6,4,1,3.62,-0.38
2,Saturday,9,7,10,7,48.06,38.06
2,Saturday,9,8,20,12,30.77,10.77
2,Saturday,9,9,8,6,13.65,5.65
2,Saturday,9,10,10,4,6.47,-3.53
2,Saturday,9,11,6,9,9.47,3.47
2,Saturday,9,12,12,8,31.81,19.81
2,Saturday,9,13,20,S,S,0
2,Saturday,10,1,15,6,12.41,-2.59
2,Saturday,10,2,8,8,7.16,-0.84
2,Saturday,10,3,20,7,19.9,-0.1
2,Saturday,10,4,3,4,2.64,-0.36
2,Saturday,10,5,20,10,42.72,22.72
2,Saturday,10,6,3.5,2,3.31,-0.19
2,Saturday,10,7,30,9,57.32,27.32
2,Saturday,10,8,20,3,51.37,31.37
2,Saturday,10,9,30,5,181.11,151.11
2,Saturday,10,10,2,1,1.66,-0.34
2,Saturday,10,11,12,S,S,0
2,Saturday,11,1,12,S,S,0
2,Saturday,11,2,20,7,18.1,-1.9
2,Saturday,11,3,1.6,1,1.52,-0.08
2,Saturday,11,4,4,2,6.18,2.18
2,Saturday,11,5,3.5,3,2.22,-1.28
2,Saturday,11,6,6,6,11.74,5.74
2,Saturday,11,7,8,5,11.39,3.39
2,Saturday,11,8,10,4,6.45,-3.55
3,Sunday,1,1,30,7,42.97,12.97
3,Sunday,1,2,6,5,5.93,-0.07
3,Sunday,1,3,30,6,103.32,73.32
3,Sunday,1,4,8,8,5.73,-2.27
3,Sunday,1,5,30,9,26.43,-3.57
3,Sunday,1,6,2,S,S,0
3,Sunday,1,7,20,10,48.59,28.59
3,Sunday,1,8,4.5,4,1.02,-3.48
3,Sunday,1,9,30,11,112.55,82.55
3,Sunday,1,10,15,3,17.69,2.69
3,Sunday,1,11,4,2,3.31,-0.69
3,Sunday,1,12,20,1,45.37,25.37
3,Sunday,1,13,15,S,S,0
3,Sunday,1,14,4.5,S,S,0
3,Sunday,2,1,30,1,7.3,-22.7
3,Sunday,2,2,15,7,25.59,10.59
3,Sunday,2,3,4,2,2.43,-1.57
3,Sunday,2,4,4.5,3,2.87,-1.63
3,Sunday,2,5,12,4,15.49,3.49
3,Sunday,2,6,3,6,6.43,3.43
3,Sunday,2,7,8,5,2.47,-5.53
3,Sunday,2,8,2.5,S,S,0
3,Sunday,3,1,8,2,8.21,0.21
3,Sunday,3,2,12,8,52.88,40.88
3,Sunday,3,3,20,7,28.99,8.99
3,Sunday,3,4,6,6,6.37,0.37
3,Sunday,3,5,15,9,42.32,27.32
3,Sunday,3,6,3,S,S,0
3,Sunday,3,7,3.5,5,5.63,2.13
3,Sunday,3,8,15,1,1.64,-13.36
3,Sunday,3,9,30,10,52.09,22.09
3,Sunday,3,10,10,4,9.45,-0.55
3,Sunday,3,11,4.5,3,3.38,-1.12
3,Sunday,4,1,20,8,5.26,-14.74
3,Sunday,4,2,2,6,1.33,-0.67
3,Sunday,4,3,6,4,6.59,0.59
3,Sunday,4,4,15,S,S,0
3,Sunday,4,5,30,7,52.81,22.81
3,Sunday,4,6,8,2,8.41,0.41
3,Sunday,4,7,10,3,17.16,7.16
3,Sunday,4,8,4.5,5,11.65,7.15
3,Sunday,4,9,3,1,3.71,0.71
3,Sunday,5,1,15,5,19.66,4.66
3,Sunday,5,2,20,12,56.65,36.65
3,Sunday,5,3,30,9,109.2,79.2
3,Sunday,5,4,3.5,1,2.07,-1.43
3,Sunday,5,5,12,7,15.37,3.37
3,Sunday,5,6,8,3,9.16,1.16
3,Sunday,5,7,20,8,35.7,15.7
3,Sunday,5,8,4.5,4,9.13,4.63
3,Sunday,5,9,15,10,7.03,-7.97
3,Sunday,5,10,10,S,S,0
3,Sunday,5,11,2.5,2,2.23,-0.27
3,Sunday,5,12,15,6,28.72,13.72
3,Sunday,5,13,20,S,S,0
3,Sunday,5,14,20,11,25,5
3,Sunday,5,15,15,S,S,0
3,Sunday,5,16,12,S,S,0
3,Sunday,6,1,30,S,S,0
3,Sunday,6,2,12,6,9.7,-2.3
3,Sunday,6,3,6,9,8.04,2.04
3,Sunday,6,4,10,5,27.33,17.33
3,Sunday,6,5,2,1,1.23,-0.77
3,Sunday,6,6,4,8,6.71,2.71
3,Sunday,6,7,8,12,12.91,4.91
3,Sunday,6,8,20,2,38.17,18.17
3,Sunday,6,9,8,7,9.01,1.01
3,Sunday,6,10,15,10,30.46,15.46
3,Sunday,6,11,30,11,73.64,43.64
3,Sunday,6,12,20,3,26.59,6.59
3,Sunday,6,13,12,4,9.54,-2.46
3,Sunday,6,14,15,S,S,0
3,Sunday,6,15,10,S,S,0
3,Sunday,6,16,12,S,S,0
3,Sunday,7,1,30,5,17.27,-12.73
3,Sunday,7,2,30,10,74.63,44.63
3,Sunday,7,3,15,2,15.86,0.86
3,Sunday,7,4,2.5,4,1.77,-0.73
3,Sunday,7,5,6,6,7.23,1.23
3,Sunday,7,6,12,1,7.75,-4.25
3,Sunday,7,7,30,11,40.04,10.04
3,Sunday,7,8,3.5,8,5.25,1.75
3,Sunday,7,9,8,12,23.21,15.21
3,Sunday,7,10,20,7,14.71,-5.29
3,Sunday,7,11,15,9,32.96,17.96
3,Sunday,7,12,4.5,3,5.7,1.2
3,Sunday,7,13,4,S,S,0
3,Sunday,7,14,4.5,S,S,0
3,Sunday,8,1,3.5,1,1.79,-1.71
3,Sunday,8,2,6,2,8.71,2.71
3,Sunday,8,3,3,5,4.29,1.29
3,Sunday,8,4,20,4,31.53,11.53
3,Sunday,8,5,12,6,33.53,21.53
3,Sunday,8,6,1,3,1.07,0.07
3,Sunday,9,1,15,9,17.55,2.55
3,Sunday,9,2,4,2,3.81,-0.19
3,Sunday,9,3,10,4,13.39,3.39
3,Sunday,9,4,20,10,36.54,16.54
3,Sunday,9,5,10,3,4.99,-5.01
3,Sunday,9,6,12,8,14.79,2.79
3,Sunday,9,7,6,5,7.08,1.08
3,Sunday,9,8,3,7,2.46,-0.54
3,Sunday,9,9,4.5,1,9.34,4.84
3,Sunday,9,10,30,11,71.48,41.48
3,Sunday,9,11,12,6,13.8,1.8
3,Sunday,9,12,30,12,77.83,47.83
3,Sunday,9,13,3.5,S,S,0
3,Sunday,9,14,2,S,S,0
3,Sunday,9,15,10,S,S,0
3,Sunday,9,16,4,S,S,0
4,Wednesday,1,1,10,S,S,0
4,Wednesday,1,2,3,S,S,0
4,Wednesday,1,3,2,3,0.73,-1.27
4,Wednesday,1,4,4,4,3.78,-0.22
4,Wednesday,1,5,12,2,17.7,5.7
4,Wednesday,1,6,30,6,19.68,-10.32
4,Wednesday,1,7,15,7,20.69,5.69
4,Wednesday,1,8,15,5,13.19,-1.81
4,Wednesday,1,9,6,1,4.32,-1.68
4,Wednesday,2,1,2,1,1.13,-0.87
4,Wednesday,2,2,20,5,8.79,-11.21
4,Wednesday,2,3,30,4,24.6,-5.4
4,Wednesday,2,4,20,12,36.23,16.23
4,Wednesday,2,5,10,9,28.38,18.38
4,Wednesday,2,6,6,8,9.09,3.09
4,Wednesday,2,7,5,2,8,3
4,Wednesday,2,8,8,7,13.67,5.67
4,Wednesday,2,9,30,3,73.89,43.89
4,Wednesday,2,10,4,6,4.34,0.34
4,Wednesday,2,11,20,11,36.38,16.38
4,Wednesday,2,12,20,10,67.16,47.16
4,Wednesday,2,13,4,S,S,0
4,Wednesday,2,14,8,S,S,0
4,Wednesday,2,15,1.8,S,S,0
4,Wednesday,3,1,20,3,2.21,-17.79
4,Wednesday,3,2,6,S,S,0
4,Wednesday,3,3,3.5,1,3.58,0.08
4,Wednesday,3,4,10,4,3.23,-6.77
4,Wednesday,3,5,4,2,1.88,-2.12
4,Wednesday,3,6,30,5,11.56,-18.44
4,Wednesday,3,7,1.8,S,S,0
4,Wednesday,3,8,4.5,S,S,0
4,Wednesday,4,1,12,S,S,0
4,Wednesday,4,2,6,9,7.01,1.01
4,Wednesday,4,3,4,3,2.25,-1.75
4,Wednesday,4,4,12,6,15.33,3.33
4,Wednesday,4,5,8,S,S,0
4,Wednesday,4,6,15,5,14.26,-0.74
4,Wednesday,4,7,15,8,10.31,-4.69
4,Wednesday,4,8,30,7,45.93,15.93
4,Wednesday,4,9,20,S,S,0
4,Wednesday,4,10,12,2,11.02,-0.98
4,Wednesday,4,11,20,4,9.86,-10.14
4,Wednesday,4,12,2,1,1.87,-0.13
4,Wednesday,4,13,6,S,S,0
4,Wednesday,4,14,4.5,S,S,0
4,Wednesday,4,15,20,S,S,0
4,Wednesday,5,1,8,4,5.78,-2.22
4,Wednesday,5,2,15,5,57.74,42.74
4,Wednesday,5,3,3,3,1.4,-1.6
4,Wednesday,5,4,20,2,38.1,18.1
4,Wednesday,5,5,30,6,29.71,-0.29
4,Wednesday,5,6,30,10,94.62,64.62
4,Wednesday,5,7,8,7,12.35,4.35
4,Wednesday,5,8,4.5,8,6.46,1.96
4,Wednesday,5,9,20,9,52.89,32.89
4,Wednesday,5,10,1.6,1,2.17,0.57
4,Wednesday,6,1,20,4,6.69,-13.31
4,Wednesday,6,2,15,S,S,0
4,Wednesday,6,3,20,S,S,0
4,Wednesday,6,4,10,1,5.48,-4.52
4,Wednesday,6,5,15,6,13.6,-1.4
4,Wednesday,6,6,30,S,S,0
4,Wednesday,6,7,12,3,2.53,-9.47
4,Wednesday,6,8,30,S,S,0
4,Wednesday,6,9,3.5,S,S,0
4,Wednesday,6,10,2.5,S,S,0
4,Wednesday,6,11,5,S,S,0
4,Wednesday,6,12,6,S,S,0
4,Wednesday,6,13,15,S,S,0
4,Wednesday,6,14,20,S,S,0
4,Wednesday,6,15,15,5,11.84,-3.16
4,Wednesday,6,16,8,2,1.09,-6.91
4,Wednesday,7,1,6,S,S,0
4,Wednesday,7,2,3,1,2.85,-0.15
4,Wednesday,7,3,2.5,2,1.86,-0.64
4,Wednesday,7,4,10,5,8.95,-1.05
4,Wednesday,7,5,3.5,3,1.87,-1.63
4,Wednesday,7,6,8,S,S,0
4,Wednesday,7,7,30,S,S,0
4,Wednesday,7,8,12,6,11.92,-0.08
4,Wednesday,7,9,15,4,16.84,1.84
4,Wednesday,8,1,15,S,S,0
4,Wednesday,8,2,3.5,S,S,0
4,Wednesday,8,3,4,S,S,0
4,Wednesday,8,4,30,S,S,0
4,Wednesday,8,5,20,S,S,0
4,Wednesday,8,6,15,4,4.63,-10.37
4,Wednesday,8,7,4.5,1,0.65,-3.85
4,Wednesday,8,8,30,3,11.85,-18.15
4,Wednesday,8,9,12,2,3.71,-8.29
4,Wednesday,8,10,8,S,S,0
4,Wednesday,8,11,6,S,S,0
4,Wednesday,8,12,8,S,S,0
4,Wednesday,8,13,30,S,S,0
4,Wednesday,8,14,8,5,7.29,-0.71
4,Wednesday,8,15,20,S,S,0
4,Wednesday,8,16,3.5,S,S,0
5,Thursday,1,1,10,4,11.18,1.18
5,Thursday,1,2,2.5,S,S,0
5,Thursday,1,3,5,2,2.85,-2.15
5,Thursday,1,4,4.5,3,2.29,-2.21
5,Thursday,1,5,4,5,4.96,0.96
5,Thursday,1,6,20,S,S,0
5,Thursday,1,7,30,6,29.91,-0.09
5,Thursday,1,8,3.5,1,1.89,-1.61
5,Thursday,2,1,8,4,9.26,1.26
5,Thursday,2,2,15,2,13.64,-1.36
5,Thursday,2,3,4.5,3,3.05,-1.45
5,Thursday,2,4,6,5,14.9,8.9
5,Thursday,2,5,30,6,30.76,0.76
5,Thursday,2,6,10,7,27.85,17.85
5,Thursday,2,7,30,S,S,0
5,Thursday,2,8,3,S,S,0
5,Thursday,2,9,1.6,1,0.54,-1.06
5,Thursday,3,1,6,9,10.47,4.47
5,Thursday,3,2,8,3,5.93,-2.07
5,Thursday,3,3,30,2,19.72,-10.28
5,Thursday,3,4,20,7,13.38,-6.62
5,Thursday,3,5,10,5,16.78,6.78
5,Thursday,3,6,2,6,1.26,-0.74
5,Thursday,3,7,12,8,10.1,-1.9
5,Thursday,3,8,8,4,14.9,6.9
5,Thursday,3,9,30,10,60.5,30.5
5,Thursday,3,10,3,1,4.75,1.75
5,Thursday,4,1,6,3,3.45,-2.55
5,Thursday,4,2,30,4,30.14,0.14
5,Thursday,4,3,4.5,S,S,0
5,Thursday,4,4,3,S,S,0
5,Thursday,4,5,15,S,S,0
5,Thursday,4,6,20,5,9.08,-10.92
5,Thursday,4,7,20,2,18.76,-1.24
5,Thursday,4,8,1,1,0.27,-0.73
5,Thursday,5,1,2.5,3,3.94,1.44
5,Thursday,5,2,10,1,7.13,-2.87
5,Thursday,5,3,3.5,6,6.17,2.67
5,Thursday,5,4,6,2,4.97,-1.03
5,Thursday,5,5,4.5,10,4.21,-0.29
5,Thursday,5,6,20,5,24.56,4.56
5,Thursday,5,7,15,4,21.24,6.24
5,Thursday,5,8,20,9,20.62,0.62
5,Thursday,5,9,30,8,19.83,-10.17
5,Thursday,5,10,8,7,4.31,-3.69
5,Thursday,6,1,15,S,S,0
5,Thursday,6,2,12,1,2.61,-9.39
5,Thursday,6,3,3.5,6,2.27,-1.23
5,Thursday,6,4,6,S,S,0
5,Thursday,6,5,30,S,S,0
5,Thursday,6,6,15,3,10.97,-4.03
5,Thursday,6,7,15,S,S,0
5,Thursday,6,8,8,S,S,0
5,Thursday,6,9,20,2,12.72,-7.28
5,Thursday,6,10,15,4,6.02,-8.98
5,Thursday,6,11,1.8,S,S,0
5,Thursday,6,12,30,S,S,0
5,Thursday,6,13,2.5,5,2.22,-0.28
5,Thursday,7,1,15,5,6.57,-8.43
5,Thursday,7,2,30,6,27.33,-2.67
5,Thursday,7,3,2.5,S,S,0
5,Thursday,7,4,20,4,13.2,-6.8
5,Thursday,7,5,15,1,6,-9
5,Thursday,7,6,15,2,3.19,-11.81
5,Thursday,7,7,3.5,7,3.13,-0.37
5,Thursday,7,8,5,S,S,0
5,Thursday,7,9,6,8,10.1,4.1
5,Thursday,7,10,4,3,3.17,-0.83
5,Thursday,8,1,12,S,S,0
5,Thursday,8,2,10,S,S,0
5,Thursday,8,3,30,2,19.97,-10.03
5,Thursday,8,4,10,1,1.64,-8.36
5,Thursday,8,5,6,S,S,0
5,Thursday,8,6,30,3,9.41,-20.59
5,Thursday,8,7,20,6,6.12,-13.88
5,Thursday,8,8,30,S,S,0
5,Thursday,8,9,5,S,S,0
5,Thursday,8,10,4,S,S,0
5,Thursday,8,11,8,4,3.33,-4.67
5,Thursday,8,12,3,5,2.36,-0.64
5,Thursday,8,13,6,S,S,0
5,Thursday,8,14,4,S,S,0
5,Thursday,9,1,15,S,S,0
5,Thursday,9,2,20,2,15.11,-4.89
5,Thursday,9,3,30,6,51.21,21.21
5,Thursday,9,4,20,7,41.42,21.42
5,Thursday,9,5,3,S,S,0
5,Thursday,9,6,4.5,3,4.46,-0.04
5,Thursday,9,7,6,8,4.68,-1.32
5,Thursday,9,8,12,4,14.14,2.14
5,Thursday,9,9,15,1,5.14,-9.86
5,Thursday,9,10,2.5,9,1.13,-1.37
5,Thursday,9,11,12,5,31.59,19.59
6,Friday,1,1,6,4,7.89,1.89
6,Friday,1,2,3.5,2,1.85,-1.65
6,Friday,1,3,20,6,9.57,-10.43
6,Friday,1,4,10,S,S,0
6,Friday,1,5,12,7,25.65,13.65
6,Friday,1,6,2.5,1,2.11,-0.39
6,Friday,1,7,4,5,12.11,8.11
6,Friday,1,8,20,S,S,0
6,Friday,1,9,30,8,39.77,9.77
6,Friday,1,10,8,3,4.76,-3.24
6,Friday,2,1,20,8,26.91,6.91
6,Friday,2,2,20,6,42.87,22.87
6,Friday,2,3,30,10,82.49,52.49
6,Friday,2,4,12,4,20.13,8.13
6,Friday,2,5,3,S,S,0
6,Friday,2,6,3.5,1,0.73,-2.77
6,Friday,2,7,20,5,31.94,11.94
6,Friday,2,8,12,9,36.23,24.23
6,Friday,2,9,4.5,3,5.03,0.53
6,Friday,2,10,10,7,10.98,0.98
6,Friday,2,11,12,11,7.56,-4.44
6,Friday,2,12,8,12,15.68,7.68
6,Friday,2,13,4,S,S,0
6,Friday,2,14,20,2,67.3,47.3
6,Friday,2,15,20,S,S,0
6,Friday,3,1,3,1,1.61,-1.39
6,Friday,3,2,2.5,2,4.69,2.19
6,Friday,3,3,4.5,3,4.16,-0.34
6,Friday,3,4,4,5,3.54,-0.46
6,Friday,3,5,3.5,S,S,0
6,Friday,3,6,30,4,23.15,-6.85
6,Friday,3,7,10,6,4.63,-5.37
6,Friday,4,1,15,7,28.72,13.72
6,Friday,4,2,1.2,1,0.69,-0.51
6,Friday,4,3,20,S,S,0
6,Friday,4,4,12,S,S,0
6,Friday,4,5,10,2,9.73,-0.27
6,Friday,4,6,30,9,76.63,46.63
6,Friday,4,7,6,5,9.15,3.15
6,Friday,4,8,4.5,3,5.97,1.47
6,Friday,4,9,30,6,42.87,12.87
6,Friday,4,10,20,4,42.34,22.34
6,Friday,4,11,8,8,4.75,-3.25
6,Friday,5,1,12,S,S,0
6,Friday,5,2,30,4,15.39,-14.61
6,Friday,5,3,20,S,S,0
6,Friday,5,4,20,S,S,0
6,Friday,5,5,2,S,S,0
6,Friday,5,6,10,S,S,0
6,Friday,5,7,20,2,1.85,-18.15
6,Friday,5,8,30,S,S,0
6,Friday,5,9,15,3,6.84,-8.16
6,Friday,5,10,8,1,1.2,-6.8
6,Friday,5,11,4.5,S,S,0
6,Friday,5,12,3.5,S,S,0
6,Friday,5,13,4,S,S,0
6,Friday,5,14,20,5,4.07,-15.93
6,Friday,5,15,50,S,S,0
6,Friday,6,1,15,4,20.78,5.78
6,Friday,6,2,4.5,1,1.17,-3.33
6,Friday,6,3,10,7,23.26,13.26
6,Friday,6,4,6,3,12.15,6.15
6,Friday,6,5,15,12,9.75,-5.25
6,Friday,6,6,30,8,98.44,68.44
6,Friday,6,7,20,9,46.47,26.47
6,Friday,6,8,3,11,6.17,3.17
6,Friday,6,9,4,5,5.07,1.07
6,Friday,6,10,20,10,66.13,46.13
6,Friday,6,11,20,6,83.32,63.32
6,Friday,6,12,8,2,7.85,-0.15
6,Friday,7,1,4,S,S,0
6,Friday,7,2,50,6,49.58,-0.42
6,Friday,7,3,6,S,S,0
6,Friday,7,4,6,2,5.04,-0.96
6,Friday,7,5,15,3,10.06,-4.94
6,Friday,7,6,15,5,10.71,-4.29
6,Friday,7,7,30,8,39.36,9.36
6,Friday,7,8,20,4,8.76,-11.24
6,Friday,7,9,12,7,3.95,-8.05
6,Friday,7,10,6,S,S,0
6,Friday,7,11,5,S,S,0
6,Friday,7,12,4.5,S,S,0
6,Friday,7,13,10,S,S,0
6,Friday,7,14,12,1,0.99,-11.01
6,Friday,8,1,12,6,8.9,-3.1
6,Friday,8,2,30,3,48.66,18.66
6,Friday,8,3,4.5,2,3.72,-0.78
6,Friday,8,4,6,4,12.82,6.82
6,Friday,8,5,3.5,1,7.38,3.88
6,Friday,8,6,20,8,66.17,46.17
6,Friday,8,7,15,7,28.08,13.08
6,Friday,8,8,30,11,108,78
6,Friday,8,9,12,10,14.21,2.21
6,Friday,8,10,20,9,35.16,15.16
6,Friday,8,11,1.8,5,0.94,-0.86
6,Friday,9,1,30,S,S,0
6,Friday,9,2,8,5,8.54,0.54
6,Friday,9,3,10,2,5.8,-4.2
6,Friday,9,4,0.8,1,0.77,-0.03
6,Friday,9,5,20,6,8.61,-11.39
6,Friday,9,6,15,4,15.26,0.26
6,Friday,9,7,4,S,S,0
6,Friday,9,8,4.5,3,3.74,-0.76
6,Friday,10,1,4.5,2,3.8,-0.7
6,Friday,10,2,30,6,46.16,16.16
6,Friday,10,3,20,5,32.44,12.44
6,Friday,10,4,3,1,2.25,-0.75
6,Friday,10,5,8,4,8.1,0.1
6,Friday,10,6,15,9,31.88,16.88
6,Friday,10,7,2.5,S,S,0
6,Friday,10,8,6,8,12.15,6.15
6,Friday,10,9,15,3,5.81,-9.19
6,Friday,10,10,10,7,2.83,-7.17
7,Saturday,1,1,4,1,1.39,-2.61
7,Saturday,1,2,30,10,93.95,63.95
7,Saturday,1,3,2,3,2.58,0.58
7,Saturday,1,4,4.5,9,9.22,4.72
7,Saturday,1,5,15,4,53.31,38.31
7,Saturday,1,6,20,S,S,0
7,Saturday,1,7,30,11,57.25,27.25
7,Saturday,1,8,30,8,115.36,85.36
7,Saturday,1,9,12,5,17.02,5.02
7,Saturday,1,10,10,7,9.71,-0.29
7,Saturday,1,11,6,2,4.76,-1.24
7,Saturday,1,12,20,6,49.81,29.81
7,Saturday,2,1,15,S,S,0
7,Saturday,2,2,4.5,3,6.23,1.73
7,Saturday,2,3,1.6,2,2.67,1.07
7,Saturday,2,4,3,4,2.63,-0.37
7,Saturday,2,5,10,5,7.24,-2.76
7,Saturday,2,6,6,1,1.87,-4.13
7,Saturday,2,7,20,6,26.63,6.63
7,Saturday,2,8,8,S,S,0
7,Saturday,3,1,4.5,S,S,0
7,Saturday,3,2,20,7,53.67,33.67
7,Saturday,3,3,8,6,10.1,2.1
7,Saturday,3,4,4,2,2.64,-1.36
7,Saturday,3,5,12,1,14.46,2.46
7,Saturday,3,6,15,5,5.03,-9.97
7,Saturday,3,7,8,S,S,0
7,Saturday,3,8,15,S,S,0
7,Saturday,3,9,15,9,27.66,12.66
7,Saturday,3,10,20,4,13.95,-6.05
7,Saturday,3,11,10,8,20.62,10.62
7,Saturday,3,12,3.5,3,1.33,-2.17
7,Saturday,4,1,15,6,7.99,-7.01
7,Saturday,4,2,30,9,37.86,7.86
7,Saturday,4,3,4.5,2,3.9,-0.6
7,Saturday,4,4,15,5,20.03,5.03
7,Saturday,4,5,12,3,32.87,20.87
7,Saturday,4,6,8,7,3.25,-4.75
7,Saturday,4,7,4,S,S,0
7,Saturday,4,8,8,8,24.9,16.9
7,Saturday,4,9,3.5,4,2.78,-0.72
7,Saturday,4,10,4,1,3.25,-0.75
7,Saturday,5,1,10,2,6.05,-3.95
7,Saturday,5,2,2.5,3,0.93,-1.57
7,Saturday,5,3,30,10,102.56,72.56
7,Saturday,5,4,30,5,54.38,24.38
7,Saturday,5,5,4,4,9.18,5.18
7,Saturday,5,6,12,7,22.14,10.14
7,Saturday,5,7,20,8,114.65,94.65
7,Saturday,5,8,10,12,16.72,6.72
7,Saturday,5,9,6,1,7.93,1.93
7,Saturday,5,10,15,6,14.54,-0.46
7,Saturday,5,11,12,9,33.82,21.82
7,Saturday,5,12,6,11,9.64,3.64
7,Saturday,5,13,30,S,S,0
7,Saturday,5,14,20,S,S,0
7,Saturday,5,15,30,S,S,0
7,Saturday,5,16,10,S,S,0
7,Saturday,6,1,6,1,7.06,1.06
7,Saturday,6,2,1,3,0.57,-0.43
7,Saturday,6,3,8,S,S,0
7,Saturday,6,4,12,6,25.31,13.31
7,Saturday,6,5,10,5,22.17,12.17
7,Saturday,6,6,4,4,5.43,1.43
7,Saturday,6,7,5,2,4.16,-0.84
7,Saturday,7,1,5,6,8.48,3.48
7,Saturday,7,2,6,7,6.91,0.91
7,Saturday,7,3,50,S,S,0
7,Saturday,7,4,8,8,6.14,-1.86
7,Saturday,7,5,12,5,30.27,18.27
7,Saturday,7,6,15,4,14.7,-0.3
7,Saturday,7,7,20,10,43.55,23.55
7,Saturday,7,8,4,1,1.76,-2.24
7,Saturday,7,9,10,12,11.16,1.16
7,Saturday,7,10,30,9,114.92,84.92
7,Saturday,7,11,3.5,3,7.51,4.01
7,Saturday,7,12,8,2,7.75,-0.25
7,Saturday,7,13,10,11,59.43,49.43
7,Saturday,8,1,6,6,4.12,-1.88
7,Saturday,8,2,6,5,3.24,-2.76
7,Saturday,8,3,3,1,4.62,1.62
7,Saturday,8,4,5,3,6.7,1.7
7,Saturday,8,5,10,2,7.95,-2.05
7,Saturday,8,6,8,S,S,0
7,Saturday,8,7,4.5,4,1.93,-2.57
7,Saturday,8,8,2,S,S,0
7,Saturday,9,1,10,5,28.55,18.55
7,Saturday,9,2,6,6,13.28,7.28
7,Saturday,9,3,8,9,12.47,4.47
7,Saturday,9,4,50,10,140.86,90.86
7,Saturday,9,5,4.5,2,1.71,-2.79
7,Saturday,9,6,3,7,3.6,0.6
7,Saturday,9,7,5,4,4.45,-0.55
7,Saturday,9,8,15,8,25.16,10.16
7,Saturday,9,9,4,3,5.17,1.17
7,Saturday,9,10,15,1,25.84,10.84
7,Saturday,10,1,15,4,13.2,-1.8
7,Saturday,10,2,2.5,2,1.49,-1.01
7,Saturday,10,3,12,3,36.38,24.38
7,Saturday,10,4,10,5,15.7,5.7
7,Saturday,10,5,3.5,7,5.03,1.53
7,Saturday,10,6,30,9,59.36,29.36
7,Saturday,10,7,30,S,S,0
7,Saturday,10,8,5,1,3.31,-1.69
7,Saturday,10,9,4,6,6.25,2.25
7,Saturday,10,10,8,8,11.33,3.33
7,Saturday,11,1,6,7,6.45,0.45
7,Saturday,11,2,20,S,S,0
7,Saturday,11,3,15,10,22.87,7.87
7,Saturday,11,4,6,6,13.79,7.79
7,Saturday,11,5,4.5,1,3.21,-1.29
7,Saturday,11,6,20,9,22.32,2.32
7,Saturday,11,7,15,3,23.05,8.05
7,Saturday,11,8,6,4,7.32,1.32
7,Saturday,11,9,4,2,3.34,-0.66
7,Saturday,11,10,6,5,4.82,-1.18
7,Saturday,11,11,8,8,9.85,1.85
7,Saturday,11,12,30,11,89.55,59.55
7,Saturday,11,13,8,S,S,0
7,Saturday,11,14,10,S,S,0
7,Saturday,11,15,20,S,S,0
7,Saturday,11,16,12,S,S,0
8,Sunday,1,1,4,2,3.18,-0.82
8,Sunday,1,2,20,6,16.65,-3.35
8,Sunday,1,3,15,5,43.95,28.95
8,Sunday,1,4,15,3,18.84,3.84
8,Sunday,1,5,8,1,10.47,2.47
8,Sunday,1,6,3,7,5.62,2.62
8,Sunday,1,7,6,8,15.68,9.68
8,Sunday,1,8,10,S,S,0
8,Sunday,1,9,6,9,9.16,3.16
8,Sunday,1,10,5,4,1.34,-3.66
8,Sunday,2,1,2,4,1.27,-0.73
8,Sunday,2,2,8,6,5.11,-2.89
8,Sunday,2,3,2.5,S,S,0
8,Sunday,2,4,20,2,39.5,19.5
8,Sunday,2,5,30,3,21.78,-8.22
8,Sunday,2,6,15,7,10.36,-4.64
8,Sunday,2,7,6,S,S,0
8,Sunday,2,8,15,5,35.95,20.95
8,Sunday,2,9,4,1,1.47,-2.53
8,Sunday,3,1,3.5,1,0.96,-2.54
8,Sunday,3,2,12,12,22.48,10.48
8,Sunday,3,3,15,3,17.66,2.66
8,Sunday,3,4,20,11,25.55,5.55
8,Sunday,3,5,8,7,10.08,2.08
8,Sunday,3,6,5,5,10.44,5.44
8,Sunday,3,7,12,8,36.9,24.9
8,Sunday,3,8,15,10,27.37,12.37
8,Sunday,3,9,20,9,54.95,34.95
8,Sunday,3,10,4,2,5.53,1.53
8,Sunday,3,11,6,4,7.88,1.88
8,Sunday,3,12,15,6,38.26,23.26
8,Sunday,3,13,15,S,S,0
8,Sunday,3,14,3,S,S,0
8,Sunday,3,15,12,S,S,0
8,Sunday,3,16,4.5,S,S,0
8,Sunday,4,1,1.2,S,S,0
8,Sunday,4,2,20,4,21.04,1.04
8,Sunday,4,3,2,2,0.35,-1.65
8,Sunday,4,4,12,3,5.19,-6.81
8,Sunday,4,5,30,1,6.55,-23.45
8,Sunday,4,6,6,S,S,0
8,Sunday,4,7,20,6,13.25,-6.75
8,Sunday,4,8,20,5,22.2,2.2
8,Sunday,4,9,30,S,S,0
8,Sunday,4,10,30,S,S,0
8,Sunday,5,1,3.5,2,4.48,0.98
8,Sunday,5,2,15,5,21.33,6.33
8,Sunday,5,3,12,8,11.4,-0.6
8,Sunday,5,4,15,11,22.79,7.79
8,Sunday,5,5,1.8,4,2.65,0.85
8,Sunday,5,6,20,6,26.82,6.82
8,Sunday,5,7,8,1,2.6,-5.4
8,Sunday,5,8,4,7,10.56,6.56
8,Sunday,5,9,30,10,68.99,38.99
8,Sunday,5,10,20,9,37.2,17.2
8,Sunday,5,11,15,3,6.89,-8.11
8,Sunday,6,1,4.5,6,7.45,2.95
8,Sunday,6,2,15,2,18.66,3.66
8,Sunday,6,3,1.8,5,1.22,-0.58
8,Sunday,6,4,12,S,S,0
8,Sunday,6,5,20,4,19.47,-0.53
8,Sunday,6,6,20,S,S,0
8,Sunday,6,7,8,7,8.18,0.18
8,Sunday,6,8,3,3,4.07,1.07
8,Sunday,6,9,6,1,3.58,-2.42
8,Sunday,7,1,15,3,17.13,2.13
8,Sunday,7,2,20,1,21.77,1.77
8,Sunday,7,3,30,7,69.3,39.3
8,Sunday,7,4,4.5,6,4.02,-0.48
8,Sunday,7,5,4,8,13.75,9.75
8,Sunday,7,6,20,5,24.19,4.19
8,Sunday,7,7,8,9,4.47,-3.53
8,Sunday,7,8,10,10,19.06,9.06
8,Sunday,7,9,50,11,88.25,38.25
8,Sunday,7,10,6,4,6.77,0.77
8,Sunday,7,11,10,S,S,0
8,Sunday,7,12,3,2,1.51,-1.49
8,Sunday,7,13,30,S,S,0
8,Sunday,8,1,20,7,39.56,19.56
8,Sunday,8,2,10,2,3.73,-6.27
8,Sunday,8,3,2,5,1.93,-0.07
8,Sunday,8,4,6,6,5.39,-0.61
8,Sunday,8,5,3,1,3.27,0.27
8,Sunday,8,6,4,3,10.04,6.04
8,Sunday,8,7,30,9,67.22,37.22
8,Sunday,8,8,8,8,20.35,12.35
8,Sunday,8,9,20,4,12.86,-7.14
8,Sunday,9,1,3,1,1.59,-1.41
8,Sunday,9,2,6,S,S,0
8,Sunday,9,3,30,S,S,0
8,Sunday,9,4,4.5,8,8.58,4.08
8,Sunday,9,5,30,4,53.42,23.42
8,Sunday,9,6,12,6,18.6,6.6
8,Sunday,9,7,3.5,2,2.17,-1.33
8,Sunday,9,8,8,5,4.19,-3.81
8,Sunday,9,9,12,7,26.73,14.73
8,Sunday,9,10,15,S,S,0
8,Sunday,9,11,10,3,10.32,0.32
8,Sunday,9,12,15,S,S,0
9,Wednesday,1,1,4,6,2.25,-1.75
9,Wednesday,1,2,20,4,35.14,15.14
9,Wednesday,1,3,2,S,S,0
9,Wednesday,1,4,6,1,2.66,-3.34
9,Wednesday,1,5,2.5,5,3.09,0.59
9,Wednesday,1,6,8,2,2.61,-5.39
9,Wednesday,1,7,10,3,14.87,4.87
9,Wednesday,2,1,20,S,S,0
9,Wednesday,2,2,5,3,2.8,-2.2
9,Wednesday,2,3,6,5,8.39,2.39
9,Wednesday,2,4,4,2,2.4,-1.6
9,Wednesday,2,5,8,4,3.2,-4.8
9,Wednesday,2,6,3.5,S,S,0
9,Wednesday,2,7,6,6,10.01,4.01
9,Wednesday,2,8,30,1,10.53,-19.47
9,Wednesday,2,9,15,S,S,0
9,Wednesday,2,10,10,7,17.65,7.65
9,Wednesday,2,11,15,8,16.03,1.03
9,Wednesday,3,1,3.5,1,5.05,1.55
9,Wednesday,3,2,1.8,4,3.45,1.65
9,Wednesday,3,3,3,3,2.12,-0.88
9,Wednesday,3,4,20,5,10.56,-9.44
9,Wednesday,3,5,2.5,2,2.42,-0.08
9,Wednesday,3,6,8,6,8.79,0.79
9,Wednesday,4,1,20,S,S,0
9,Wednesday,4,2,3.5,1,1.6,-1.9
9,Wednesday,4,3,8,5,22.54,14.54
9,Wednesday,4,4,2,S,S,0
9,Wednesday,4,5,15,7,33.15,18.15
9,Wednesday,4,6,20,2,19.02,-0.98
9,Wednesday,4,7,30,6,48.2,18.2
9,Wednesday,4,8,12,S,S,0
9,Wednesday,4,9,4.5,3,1.79,-2.71
9,Wednesday,4,10,20,S,S,0
9,Wednesday,4,11,20,8,23.89,3.89
9,Wednesday,4,12,30,4,2.76,-27.24
9,Wednesday,5,1,4,4,17.88,13.88
9,Wednesday,5,2,3,1,2.25,-0.75
9,Wednesday,5,3,8,8,3.87,-4.13
9,Wednesday,5,4,12,9,12.57,0.57
9,Wednesday,5,5,6,6,27.36,21.36
9,Wednesday,5,6,8,7,7.03,-0.97
9,Wednesday,5,7,10,3,5.11,-4.89
9,Wednesday,5,8,3.5,2,4.09,0.59
9,Wednesday,5,9,20,5,30.03,10.03
9,Wednesday,6,1,3,2,3,0
9,Wednesday,6,2,12,5,12.49,0.49
9,Wednesday,6,3,4.5,6,10.57,6.07
9,Wednesday,6,4,4,4,10.26,6.26
9,Wednesday,6,5,1.2,1,1.16,-0.04
9,Wednesday,6,6,8,3,3.34,-4.66
9,Wednesday,7,1,4.5,3,2.43,-2.07
9,Wednesday,7,2,2.5,1,1.09,-1.41
9,Wednesday,7,3,10,5,24.55,14.55
9,Wednesday,7,4,20,4,67.13,47.13
9,Wednesday,7,5,20,7,55.03,35.03
9,Wednesday,7,6,10,6,18.7,8.7
9,Wednesday,7,7,20,S,S,0
9,Wednesday,7,8,12,8,16.17,4.17
9,Wednesday,7,9,50,11,118.62,68.62
9,Wednesday,7,10,30,9,80.26,50.26
9,Wednesday,7,11,8,10,15.63,7.63
9,Wednesday,7,12,3.5,2,5.23,1.73
9,Wednesday,7,13,12,S,S,0
9,Wednesday,7,14,15,S,S,0
9,Wednesday,7,15,30,S,S,0
9,Wednesday,8,1,1.8,2,1.11,-0.69
9,Wednesday,8,2,12,5,13.17,1.17
9,Wednesday,8,3,20,3,15.13,-4.87
9,Wednesday,8,4,20,6,23.99,3.99
9,Wednesday,8,5,10,S,S,0
9,Wednesday,8,6,6,1,3.99,-2.01
9,Wednesday,8,7,3.5,S,S,0
9,Wednesday,8,8,2.5,4,1.89,-0.61
10,Thursday,1,1,1.2,4,2.02,0.82
10,Thursday,1,2,6,2,5.61,-0.39
10,Thursday,1,3,20,5,49,29
10,Thursday,1,4,12,S,S,0
10,Thursday,1,5,8,3,13.9,5.9
10,Thursday,1,6,3,1,1.03,-1.97
10,Thursday,1,7,4.5,6,6.67,2.17
10,Thursday,2,1,1.2,1,0.19,-1.01
10,Thursday,2,2,6,5,4.8,-1.2
10,Thursday,2,3,30,S,S,0
10,Thursday,2,4,20,S,S,0
10,Thursday,2,5,30,4,27.94,-2.06
10,Thursday,2,6,20,S,S,0
10,Thursday,2,7,20,3,11.69,-8.31
10,Thursday,2,8,20,2,14.3,-5.7
10,Thursday,2,9,3.5,S,S,0
10,Thursday,2,10,8,S,S,0
10,Thursday,2,11,15,S,S,0
10,Thursday,3,1,10,1,4.43,-5.57
10,Thursday,3,2,8,10,15,7
10,Thursday,3,3,15,S,S,0
10,Thursday,3,4,3,8,3.76,0.76
10,Thursday,3,5,6,S,S,0
10,Thursday,3,6,8,3,5.01,-2.99
10,Thursday,3,7,4.5,5,3.23,-1.27
10,Thursday,3,8,15,9,28.22,13.22
10,Thursday,3,9,12,2,7.33,-4.67
10,Thursday,3,10,30,6,74.38,44.38
10,Thursday,3,11,20,4,14.86,-5.14
10,Thursday,3,12,8,7,8.89,0.89
10,Thursday,4,1,2,3,2.3,0.3
10,Thursday,4,2,10,7,13.27,3.27
10,Thursday,4,3,3,2,1.09,-1.91
10,Thursday,4,4,8,5,13.3,5.3
10,Thursday,4,5,15,6,26.14,11.14
10,Thursday,4,6,10,S,S,0
10,Thursday,4,7,4.5,1,4.05,-0.45
10,Thursday,4,8,20,4,27.42,7.42
10,Thursday,4,9,8,S,S,0
10,Thursday,5,1,10,1,2.63,-7.37
10,Thursday,5,2,5,4,7.83,2.83
10,Thursday,5,3,6,3,3.89,-2.11
10,Thursday,5,4,4,5,6.53,2.53
10,Thursday,5,5,15,11,26.34,11.34
10,Thursday,5,6,20,10,51.32,31.32
10,Thursday,5,7,4.5,8,6.36,1.86
10,Thursday,5,8,30,7,45.02,15.02
10,Thursday,5,9,8,2,6.34,-1.66
10,Thursday,5,10,30,S,S,0
10,Thursday,5,11,12,6,17.62,5.62
10,Thursday,5,12,6,9,15.06,9.06
10,Thursday,5,13,20,S,S,0
10,Thursday,5,14,8,S,S,0
10,Thursday,5,15,6,S,S,0
10,Thursday,5,16,15,S,S,0
10,Thursday,6,1,3.5,1,2.91,-0.59
10,Thursday,6,2,8,5,10.42,2.42
10,Thursday,6,3,30,6,45.65,15.65
10,Thursday,6,4,2.5,2,2.82,0.32
10,Thursday,6,5,15,S,S,0
10,Thursday,6,6,8,4,20.11,12.11
10,Thursday,6,7,1.2,3,0.93,-0.27
10,Thursday,7,1,4,7,3.22,-0.78
10,Thursday,7,2,8,8,8.81,0.81
10,Thursday,7,3,4.5,3,3.83,-0.67
10,Thursday,7,4,20,1,51.89,31.89
10,Thursday,7,5,8,S,S,0
10,Thursday,7,6,15,S,S,0
10,Thursday,7,7,30,S,S,0
10,Thursday,7,8,10,5,5.85,-4.15
10,Thursday,7,9,10,4,11.82,1.82
10,Thursday,7,10,15,9,26.98,11.98
10,Thursday,7,11,30,S,S,0
10,Thursday,7,12,3,S,S,0
10,Thursday,7,13,15,6,25.6,10.6
10,Thursday,7,14,4,2,2.03,-1.97
10,Thursday,7,15,8,S,S,0
10,Thursday,8,1,15,5,20.3,5.3
10,Thursday,8,2,6,4,3.65,-2.35
10,Thursday,8,3,3.5,1,8.84,5.34
10,Thursday,8,4,4.5,9,5.39,0.89
10,Thursday,8,5,10,7,31.29,21.29
10,Thursday,8,6,6,6,12.75,6.75
10,Thursday,8,7,12,8,10.6,-1.4
10,Thursday,8,8,8,3,7.68,-0.32
10,Thursday,8,9,3,2,1.73,-1.27
10,Thursday,9,1,4.5,9,2.2,-2.3
10,Thursday,9,2,10,3,3.28,-6.72
10,Thursday,9,3,15,10,20.54,5.54
10,Thursday,9,4,12,7,10.94,-1.06
10,Thursday,9,5,8,2,11.2,3.2
10,Thursday,9,6,2.5,6,3.55,1.05
10,Thursday,9,7,4,4,11.89,7.89
10,Thursday,9,8,15,5,12.39,-2.61
10,Thursday,9,9,30,8,85.81,55.81
10,Thursday,9,10,20,1,25.39,5.39
10,Thursday,9,11,10,S,S,0
10,Thursday,9,12,30,11,83.5,53.5
10,Thursday,9,13,30,S,S,0
10,Thursday,9,14,20,S,S,0
10,Thursday,9,15,8,S,S,0
10,Thursday,9,16,15,S,S,0
11,Friday,1,1,6,S,S,0
11,Friday,1,2,4,S,S,0
11,Friday,1,3,3,S,S,0
11,Friday,1,4,12,4,8.34,-3.66
11,Friday,1,5,20,S,S,0
11,Friday,1,6,12,3,3.99,-8.01
11,Friday,1,7,8,1,3.93,-4.07
11,Friday,1,8,2,2,0.46,-1.54
11,Friday,2,1,12,5,8.01,-3.99
11,Friday,2,2,20,12,29.18,9.18
11,Friday,2,3,30,7,56.11,26.11
11,Friday,2,4,30,9,50.17,20.17
11,Friday,2,5,10,1,16.65,6.65
11,Friday,2,6,8,8,6.01,-1.99
11,Friday,2,7,30,11,83.83,53.83
11,Friday,2,8,5,3,5.62,0.62
11,Friday,2,9,2,2,2.59,0.59
11,Friday,2,10,4,6,6.12,2.12
11,Friday,2,11,8,4,3.64,-4.36
11,Friday,2,12,30,10,71.56,41.56
11,Friday,2,13,8,S,S,0
11,Friday,2,14,20,S,S,0
11,Friday,2,15,30,S,S,0
11,Friday,2,16,4.5,S,S,0
11,Friday,3,1,1.2,1,0.68,-0.52
11,Friday,3,2,6,3,6.88,0.88
11,Friday,3,3,30,5,17.28,-12.72
11,Friday,3,4,3,2,3.23,0.23
11,Friday,3,5,8,4,4.56,-3.44
11,Friday,3,6,10,S,S,0
11,Friday,3,7,4.5,S,S,0
11,Friday,4,1,10,2,3.4,-6.6
11,Friday,4,2,15,7,26.79,11.79
11,Friday,4,3,6,9,8.93,2.93
11,Friday,4,4,8,4,3.9,-4.1
11,Friday,4,5,20,10,25.94,5.94
11,Friday,4,6,15,1,12.74,-2.26
11,Friday,4,7,20,6,61.48,41.48
11,Friday,4,8,1.8,3,1.37,-0.43
11,Friday,4,9,20,S,S,0
11,Friday,4,10,20,8,24.75,4.75
11,Friday,4,11,12,5,26.27,14.27
11,Friday,4,12,4.5,S,S,0
11,Friday,4,13,4,S,S,0
11,Friday,4,14,8,S,S,0
11,Friday,4,15,6,S,S,0
11,Friday,5,1,8,3,7.95,-0.05
11,Friday,5,2,12,11,41.85,29.85
11,Friday,5,3,4.5,4,3.87,-0.63
11,Friday,5,4,30,8,65.06,35.06
11,Friday,5,5,8,5,13.76,5.76
11,Friday,5,6,20,7,51.45,31.45
11,Friday,5,7,15,1,22.5,7.5
11,Friday,5,8,5,9,6.71,1.71
11,Friday,5,9,4,2,5.63,1.63
11,Friday,5,10,3.5,6,1.47,-2.03
11,Friday,5,11,15,10,44.66,29.66
11,Friday,6,1,3.5,4,4.08,0.58
11,Friday,6,2,5,S,S,0
11,Friday,6,3,0.8,1,0.54,-0.26
11,Friday,6,4,20,5,18.33,-1.67
11,Friday,6,5,12,S,S,0
11,Friday,6,6,8,2,5.12,-2.88
11,Friday,6,7,20,6,13.65,-6.35
11,Friday,6,8,20,3,14.46,-5.54
11,Friday,7,1,15,8,27.77,12.77
11,Friday,7,2,10,4,7.49,-2.51
11,Friday,7,3,15,5,8.59,-6.41
11,Friday,7,4,12,10,8.84,-3.16
11,Friday,7,5,20,S,S,0
11,Friday,7,6,3.5,S,S,0
11,Friday,7,7,4,3,2.98,-1.02
11,Friday,7,8,20,S,S,0
11,Friday,7,9,12,7,10.12,-1.88
11,Friday,7,10,6,1,6.08,0.08
11,Friday,7,11,4.5,2,5.16,0.66
11,Friday,7,12,12,S,S,0
11,Friday,7,13,10,9,16.66,6.66
11,Friday,7,14,4,6,6.58,2.58
11,Friday,7,15,4.5,S,S,0
11,Friday,7,16,15,S,S,0
11,Friday,8,1,50,S,S,0
11,Friday,8,2,10,S,S,0
11,Friday,8,3,0.8,2,0.62,-0.18
11,Friday,8,4,6,4,14.77,8.77
11,Friday,8,5,12,7,19.31,7.31
11,Friday,8,6,6,3,9.66,3.66
11,Friday,8,7,12,8,32.61,20.61
11,Friday,8,8,20,6,36.55,16.55
11,Friday,8,9,8,5,18.12,10.12
11,Friday,8,10,3.5,1,2.82,-0.68
11,Friday,9,1,2.5,1,2.79,0.29
11,Friday,9,2,20,5,29.99,9.99
11,Friday,9,3,1.6,3,1.14,-0.46
11,Friday,9,4,3,4,3.37,0.37
11,Friday,9,5,6,6,12.85,6.85
11,Friday,9,6,10,2,13.53,3.53
11,Friday,9,7,15,7,16.07,1.07
11,Friday,10,1,4.5,2,4.88,0.38
11,Friday,10,2,20,10,93.29,73.29
11,Friday,10,3,4,4,4.93,0.93
11,Friday,10,4,30,S,S,0
11,Friday,10,5,6,9,15.41,9.41
11,Friday,10,6,10,6,4.73,-5.27
11,Friday,10,7,12,5,16.85,4.85
11,Friday,10,8,30,8,83.59,53.59
11,Friday,10,9,30,7,28.83,-1.17
11,Friday,10,10,10,3,8.46,-1.54
11,Friday,10,11,1.8,1,1.5,-0.3
12,Saturday,1,1,10,1,5.2,-4.8
12,Saturday,1,2,2,3,3.17,1.17
12,Saturday,1,3,8,5,9.76,1.76
12,Saturday,1,4,12,8,30.87,18.87
12,Saturday,1,5,15,7,12.64,-2.36
12,Saturday,1,6,10,6,16.46,6.46
12,Saturday,1,7,3,2,2.28,-0.72
12,Saturday,1,8,4,4,3.33,-0.67
12,Saturday,2,1,6,12,14.83,8.83
12,Saturday,2,2,12,9,6.22,-5.78
12,Saturday,2,3,30,7,21.45,-8.55
12,Saturday,2,4,20,2,41.09,21.09
12,Saturday,2,5,20,10,33.69,13.69
12,Saturday,2,6,4.5,5,11.83,7.33
12,Saturday,2,7,15,6,33.03,18.03
12,Saturday,2,8,5,8,3.05,-1.95
12,Saturday,2,9,6,11,12.85,6.85
12,Saturday,2,10,4,4,4.43,0.43
12,Saturday,2,11,8,1,3.76,-4.24
12,Saturday,2,12,12,3,12.99,0.99
12,Saturday,3,1,30,4,17.34,-12.66
12,Saturday,3,2,30,6,36.13,6.13
12,Saturday,3,3,4,5,6.28,2.28
12,Saturday,3,4,0.8,1,1.11,0.31
12,Saturday,3,5,3,2,3.4,0.4
12,Saturday,3,6,6,3,2.66,-3.34
12,Saturday,4,1,3,7,4.04,1.04
12,Saturday,4,2,20,10,75.77,55.77
12,Saturday,4,3,4.5,3,1.21,-3.29
12,Saturday,4,4,10,2,9.03,-0.97
12,Saturday,4,5,4,1,13.03,9.03
12,Saturday,4,6,20,9,24.32,4.32
12,Saturday,4,7,8,5,14.32,6.32
12,Saturday,4,8,20,4,54.55,34.55
12,Saturday,4,9,15,8,57.76,42.76
12,Saturday,4,10,8,6,15.18,7.18
12,Saturday,4,11,30,S,S,0
12,Saturday,4,12,10,S,S,0
12,Saturday,4,13,8,12,6.17,-1.83
12,Saturday,4,14,30,S,S,0
12,Saturday,4,15,15,11,64.9,49.9
12,Saturday,5,1,10,5,2.76,-7.24
12,Saturday,5,2,4.5,3,6.43,1.93
12,Saturday,5,3,12,S,S,0
12,Saturday,5,4,20,4,17.32,-2.68
12,Saturday,5,5,6,6,6.08,0.08
12,Saturday,5,6,2,1,1.72,-0.28
12,Saturday,5,7,10,S,S,0
12,Saturday,5,8,3,2,4.31,1.31
12,Saturday,5,9,15,7,24.14,9.14
12,Saturday,6,1,5,S,S,0
12,Saturday,6,2,8,1,6.74,-1.26
12,Saturday,6,3,15,8,17.82,2.82
12,Saturday,6,4,15,4,31.77,16.77
12,Saturday,6,5,30,S,S,0
12,Saturday,6,6,50,11,52.99,2.99
12,Saturday,6,7,10,S,S,0
12,Saturday,6,8,15,6,4.86,-10.14
12,Saturday,6,9,20,7,11.56,-8.44
12,Saturday,6,10,2.5,3,2.16,-0.34
12,Saturday,6,11,6,9,5.69,-0.31
12,Saturday,6,12,4,2,4.23,0.23
12,Saturday,6,13,15,10,48.5,33.5
12,Saturday,6,14,15,S,S,0
12,Saturday,6,15,12,5,29.95,17.95
12,Saturday,6,16,20,S,S,0
12,Saturday,7,1,6,5,5.59,-0.41
12,Saturday,7,2,20,7,23.63,3.63
12,Saturday,7,3,4,2,1.82,-2.18
12,Saturday,7,4,2.5,S,S,0
12,Saturday,7,5,8,3,8.46,0.46
12,Saturday,7,6,15,S,S,0
12,Saturday,7,7,8,4,4.38,-3.62
12,Saturday,7,8,3,1,3.02,0.02
12,Saturday,7,9,15,6,8.56,-6.44
12,Saturday,8,1,15,9,11.92,-3.08
12,Saturday,8,2,30,4,54.09,24.09
12,Saturday,8,3,5,5,15.26,10.26
12,Saturday,8,4,1.5,3,0.56,-0.94
12,Saturday,8,5,20,8,40.57,20.57
12,Saturday,8,6,30,7,97.06,67.06
12,Saturday,8,7,6,S,S,0
12,Saturday,8,8,15,S,S,0
12,Saturday,8,9,50,6,57.97,7.97
12,Saturday,8,10,4,2,4.13,0.13
12,Saturday,8,11,8,1,5.76,-2.24
12,Saturday,9,1,6,4,7.78,1.78
12,Saturday,9,2,10,6,11.19,1.19
12,Saturday,9,3,3,7,4.66,1.66
12,Saturday,9,4,2,1,1.68,-0.32
12,Saturday,9,5,15,8,17.23,2.23
12,Saturday,9,6,30,3,25.63,-4.37
12,Saturday,9,7,8,5,7.17,-0.83
12,Saturday,9,8,15,9,42.11,27.11
12,Saturday,9,9,4,2,3.8,-0.2
12,Saturday,10,1,3.5,10,5.7,2.2
12,Saturday,10,2,2.5,2,1.36,-1.14
12,Saturday,10,3,20,5,22.35,2.35
12,Saturday,10,4,15,4,16.92,1.92
12,Saturday,10,5,8,6,4.79,-3.21
12,Saturday,10,6,15,11,33.18,18.18
12,Saturday,10,7,5,9,10.2,5.2
12,Saturday,10,8,20,12,76.8,56.8
12,Saturday,10,9,20,8,43.95,23.95
12,Saturday,10,10,50,7,102.62,52.62
12,Saturday,10,11,10,1,5.94,-4.06
12,Saturday,10,12,12,3,23.54,11.54
12,Saturday,10,13,4,S,S,0
12,Saturday,10,14,30,S,S,0
12,Saturday,10,15,15,S,S,0
13,Sunday,1,1,3.5,S,S,0
13,Sunday,1,2,30,6,33.54,3.54
13,Sunday,1,3,8,3,3.73,-4.27
13,Sunday,1,4,2.5,4,2.4,-0.1
13,Sunday,1,5,12,5,16.87,4.87
13,Sunday,1,6,1.6,1,1.41,-0.19
13,Sunday,1,7,6,2,4.37,-1.63
13,Sunday,2,1,20,S,S,0
13,Sunday,2,2,2,1,0.52,-1.48
13,Sunday,2,3,30,5,57.15,27.15
13,Sunday,2,4,2.5,2,3.86,1.36
13,Sunday,2,5,8,3,8.41,0.41
13,Sunday,2,6,20,7,26.43,6.43
13,Sunday,2,7,30,8,33.98,3.98
13,Sunday,2,8,6,S,S,0
13,Sunday,2,9,12,S,S,0
13,Sunday,2,10,15,S,S,0
13,Sunday,2,11,20,4,7.61,-12.39
13,Sunday,2,12,15,6,39.31,24.31
13,Sunday,2,13,6,S,S,0
13,Sunday,3,1,15,9,26.8,11.8
13,Sunday,3,2,20,5,42.69,22.69
13,Sunday,3,3,8,2,2.74,-5.26
13,Sunday,3,4,20,S,S,0
13,Sunday,3,5,6,10,11.69,5.69
13,Sunday,3,6,30,11,33.06,3.06
13,Sunday,3,7,4.5,7,6.23,1.73
13,Sunday,3,8,10,12,16.71,6.71
13,Sunday,3,9,3,1,2.26,-0.74
13,Sunday,3,10,12,4,6.45,-5.55
13,Sunday,3,11,6,3,11.91,5.91
13,Sunday,3,12,10,6,32.62,22.62
13,Sunday,3,13,20,8,68.27,48.27
13,Sunday,3,14,30,S,S,0
13,Sunday,3,15,20,S,S,0
13,Sunday,3,16,30,S,S,0
13,Sunday,4,1,12,7,16.59,4.59
13,Sunday,4,2,6,6,10.78,4.78
13,Sunday,4,3,15,5,10.55,-4.45
13,Sunday,4,4,4.5,9,4.44,-0.06
13,Sunday,4,5,15,11,17.8,2.8
13,Sunday,4,6,30,10,84.35,54.35
13,Sunday,4,7,3.5,2,2.67,-0.83
13,Sunday,4,8,20,1,29.46,9.46
13,Sunday,4,9,4,3,5.3,1.3
13,Sunday,4,10,6,8,10,4
13,Sunday,4,11,8,4,5.27,-2.73
13,Sunday,5,1,8,10,12.9,4.9
13,Sunday,5,2,10,9,7.45,-2.55
13,Sunday,5,3,5,2,1.63,-3.37
13,Sunday,5,4,30,6,75.22,45.22
13,Sunday,5,5,20,11,60.82,40.82
13,Sunday,5,6,5,4,5.92,0.92
13,Sunday,5,7,4.5,7,4.81,0.31
13,Sunday,5,8,10,8,13.21,3.21
13,Sunday,5,9,20,12,27.08,7.08
13,Sunday,5,10,8,1,24.59,16.59
13,Sunday,5,11,30,5,48.55,18.55
13,Sunday,5,12,4,3,8.07,4.07
13,Sunday,6,1,4.5,3,3.62,-0.88
13,Sunday,6,2,2.5,S,S,0
13,Sunday,6,3,6,2,4.26,-1.74
13,Sunday,6,4,4,6,8.43,4.43
13,Sunday,6,5,15,5,23.7,8.7
13,Sunday,6,6,20,4,23.12,3.12
13,Sunday,6,7,1.8,1,0.67,-1.13
13,Sunday,7,1,12,6,20.84,8.84
13,Sunday,7,2,10,5,27.27,17.27
13,Sunday,7,3,15,2,13.95,-1.05
13,Sunday,7,4,1.2,3,2.47,1.27
13,Sunday,7,5,15,S,S,0
13,Sunday,7,6,8,8,4.58,-3.42
13,Sunday,7,7,4.5,4,2.61,-1.89
13,Sunday,7,8,12,1,6.06,-5.94
13,Sunday,7,9,30,S,S,0
13,Sunday,7,10,8,7,5.34,-2.66
13,Sunday,8,1,3.5,7,4.17,0.67
13,Sunday,8,2,30,11,74.41,44.41
13,Sunday,8,3,6,9,6.2,0.2
13,Sunday,8,4,15,8,14.8,-0.2
13,Sunday,8,5,4.5,1,3.03,-1.47
13,Sunday,8,6,10,3,9.68,-0.32
13,Sunday,8,7,8,10,9.54,1.54
13,Sunday,8,8,30,4,84.44,54.44
13,Sunday,8,9,4,5,2.61,-1.39
13,Sunday,8,10,12,2,31.53,19.53
13,Sunday,8,11,30,S,S,0
13,Sunday,8,12,15,6,36.84,21.84
13,Sunday,9,1,4.5,S,S,0
13,Sunday,9,2,6,6,9.22,3.22
13,Sunday,9,3,20,8,32.52,12.52
13,Sunday,9,4,1.2,2,0.66,-0.54
13,Sunday,9,5,12,S,S,0
13,Sunday,9,6,10,4,26.75,16.75
13,Sunday,9,7,20,5,7.37,-12.63
13,Sunday,9,8,10,7,19.03,9.03
13,Sunday,9,9,30,10,74.37,44.37
13,Sunday,9,10,15,S,S,0
13,Sunday,9,11,50,S,S,0
13,Sunday,9,12,30,S,S,0
13,Sunday,9,13,30,S,S,0
13,Sunday,9,14,4,1,6.07,2.07
13,Sunday,9,15,6,3,15.44,9.44
13,Sunday,9,16,4.5,9,22.88,18.38
14,Wednesday,1,1,4,S,S,0
14,Wednesday,1,2,1.6,6,1.08,-0.52
14,Wednesday,1,3,3,2,2.66,-0.34
14,Wednesday,1,4,20,1,12.04,-7.96
14,Wednesday,1,5,4,3,10.21,6.21
14,Wednesday,1,6,6,4,4.43,-1.57
14,Wednesday,1,7,30,S,S,0
14,Wednesday,1,8,15,5,10.44,-4.56
14,Wednesday,2,1,1.2,2,0.25,-0.95
14,Wednesday,2,2,30,4,21.52,-8.48
14,Wednesday,2,3,20,S,S,0
14,Wednesday,2,4,30,9,53.36,23.36
14,Wednesday,2,5,12,5,28.55,16.55
14,Wednesday,2,6,20,6,13.88,-6.12
14,Wednesday,2,7,15,3,8.38,-6.62
14,Wednesday,2,8,3.5,1,9.86,6.36
14,Wednesday,2,9,30,S,S,0
14,Wednesday,2,10,10,S,S,0
14,Wednesday,2,11,6,S,S,0
14,Wednesday,2,12,30,8,54.62,24.62
14,Wednesday,2,13,6,S,S,0
14,Wednesday,2,14,20,S,S,0
14,Wednesday,2,15,20,7,60.02,40.02
14,Wednesday,2,16,3,S,S,0
14,Wednesday,3,1,30,7,28.63,-1.37
14,Wednesday,3,2,4.5,8,2.22,-2.28
14,Wednesday,3,3,6,1,7.61,1.61
14,Wednesday,3,4,3.5,3,7.21,3.71
14,Wednesday,3,5,10,4,13.21,3.21
14,Wednesday,3,6,3,6,4.19,1.19
14,Wednesday,3,7,12,9,22.97,10.97
14,Wednesday,3,8,15,2,6.91,-8.09
14,Wednesday,3,9,4,5,4.62,0.62
14,Wednesday,4,1,8,S,S,0
14,Wednesday,4,2,20,1,26.87,6.87
14,Wednesday,4,3,15,3,11.02,-3.98
14,Wednesday,4,4,30,6,81.39,51.39
14,Wednesday,4,5,15,4,34.98,19.98
14,Wednesday,4,6,30,9,75.83,45.83
14,Wednesday,4,7,1.8,2,0.98,-0.82
14,Wednesday,4,8,3,5,2.47,-0.53
14,Wednesday,4,9,30,8,82.73,52.73
14,Wednesday,4,10,8,7,4.47,-3.53
14,Wednesday,4,11,20,10,30.59,10.59
14,Wednesday,4,12,8,S,S,0
14,Wednesday,4,13,6,S,S,0
14,Wednesday,4,14,12,S,S,0
14,Wednesday,4,15,50,S,S,0
14,Wednesday,4,16,30,S,S,0
14,Wednesday,5,1,12,10,17.24,5.24
14,Wednesday,5,2,15,8,12.14,-2.86
14,Wednesday,5,3,20,7,16.79,-3.21
14,Wednesday,5,4,15,3,19.18,4.18
14,Wednesday,5,5,1.6,6,2.55,0.95
14,Wednesday,5,6,3.5,2,3.28,-0.22
14,Wednesday,5,7,8,1,6.35,-1.65
14,Wednesday,5,8,12,S,S,0
14,Wednesday,5,9,30,9,18.3,-11.7
14,Wednesday,5,10,30,5,46.69,16.69
14,Wednesday,5,11,5,4,3.33,-1.67
14,Wednesday,6,1,8,S,S,0
14,Wednesday,6,2,1.4,2,3.03,1.63
14,Wednesday,6,3,20,7,13.68,-6.32
14,Wednesday,6,4,6,9,3.57,-2.43
14,Wednesday,6,5,3,6,2.32,-0.68
14,Wednesday,6,6,15,5,13.34,-1.66
14,Wednesday,6,7,30,4,36.3,6.3
14,Wednesday,6,8,30,3,36.13,6.13
14,Wednesday,6,9,6,1,4.63,-1.37
14,Wednesday,6,10,50,8,17.49,-32.51
14,Wednesday,7,1,3,4,4.56,1.56
14,Wednesday,7,2,3.5,1,1.78,-1.72
14,Wednesday,7,3,1.8,S,S,0
14,Wednesday,7,4,20,5,28.28,8.28
14,Wednesday,7,5,30,S,S,0
14,Wednesday,7,6,30,6,28.25,-1.75
14,Wednesday,7,7,8,3,5.49,-2.51
14,Wednesday,7,8,4,2,1.32,-2.68
14,Wednesday,8,1,10,S,S,0
14,Wednesday,8,2,30,12,56.14,26.14
14,Wednesday,8,3,30,5,60.73,30.73
14,Wednesday,8,4,20,9,31.04,11.04
14,Wednesday,8,5,6,6,2.59,-3.41
14,Wednesday,8,6,12,1,12.88,0.88
14,Wednesday,8,7,10,7,11.51,1.51
14,Wednesday,8,8,30,10,53.41,23.41
14,Wednesday,8,9,3.5,3,6.51,3.01
14,Wednesday,8,10,2.5,2,2.35,-0.15
14,Wednesday,8,11,8,4,10.53,2.53
14,Wednesday,8,12,8,8,7.82,-0.18
14,Wednesday,8,13,10,11,20.99,10.99
14,Wednesday,8,14,6,S,S,0
14,Wednesday,8,15,30,S,S,0
14,Wednesday,8,16,50,S,S,0
15,Thursday,1,1,8,S,S,0
15,Thursday,1,2,20,4,10.03,-9.97
15,Thursday,1,3,12,S,S,0
15,Thursday,1,4,1.8,3,1.17,-0.63
15,Thursday,1,5,3,1,1.11,-1.89
15,Thursday,1,6,2.5,S,S,0
15,Thursday,1,7,15,5,7.44,-7.56
15,Thursday,1,8,20,2,18.73,-1.27
15,Thursday,2,1,30,11,64.84,34.84
15,Thursday,2,2,30,8,98.56,68.56
15,Thursday,2,3,20,6,27.96,7.96
15,Thursday,2,4,6,2,3.3,-2.7
15,Thursday,2,5,8,3,8.85,0.85
15,Thursday,2,6,30,10,67.93,37.93
15,Thursday,2,7,1.2,4,1.28,0.08
15,Thursday,2,8,20,9,7.1,-12.9
15,Thursday,2,9,30,S,S,0
15,Thursday,2,10,30,7,77.06,47.06
15,Thursday,2,11,12,5,14.65,2.65
15,Thursday,2,12,3.5,1,6.62,3.12
15,Thursday,2,13,15,S,S,0
15,Thursday,2,14,8,S,S,0
15,Thursday,2,15,3.5,S,S,0
15,Thursday,2,16,12,12,74.57,62.57
15,Thursday,3,1,6,2,1.51,-4.49
15,Thursday,3,2,12,4,3.5,-8.5
15,Thursday,3,3,1.8,S,S,0
15,Thursday,3,4,2.5,S,S,0
15,Thursday,3,5,3,1,2.22,-0.78
15,Thursday,3,6,6,3,2.84,-3.16
15,Thursday,4,1,20,4,39.42,19.42
15,Thursday,4,2,6,3,8.32,2.32
15,Thursday,4,3,8,7,14.02,6.02
15,Thursday,4,4,3.5,6,3.63,0.13
15,Thursday,4,5,1.6,5,3.19,1.59
15,Thursday,4,6,20,8,30.44,10.44
15,Thursday,4,7,4.5,2,4.87,0.37
15,Thursday,4,8,6,1,1.97,-4.03
15,Thursday,5,1,6,9,9.92,3.92
15,Thursday,5,2,8,2,6.36,-1.64
15,Thursday,5,3,50,10,72.02,22.02
15,Thursday,5,4,20,7,15.89,-4.11
15,Thursday,5,5,4,5,5.35,1.35
15,Thursday,5,6,3.5,6,3.12,-0.38
15,Thursday,5,7,15,4,21.13,6.13
15,Thursday,5,8,30,8,28.01,-1.99
15,Thursday,5,9,2.5,1,4.51,2.01
15,Thursday,5,10,6,3,3.35,-2.65
15,Thursday,6,1,8,3,4.75,-3.25
15,Thursday,6,2,4,2,2.63,-1.37
15,Thursday,6,3,3,4,6.1,3.1
15,Thursday,6,4,10,6,8.96,-1.04
15,Thursday,6,5,2.5,7,3.12,0.62
15,Thursday,6,6,6,5,5.89,-0.11
15,Thursday,6,7,4,1,7.8,3.8
15,Thursday,7,1,10,4,3.21,-6.79
15,Thursday,7,2,20,S,S,0
15,Thursday,7,3,4,5,1.84,-2.16
15,Thursday,7,4,6,2,6.15,0.15
15,Thursday,7,5,4.5,3,7.73,3.23
15,Thursday,7,6,1.8,S,S,0
15,Thursday,7,7,3,1,1.87,-1.13
15,Thursday,8,1,12,4,4.08,-7.92
15,Thursday,8,2,20,6,50.58,30.58
15,Thursday,8,3,50,S,S,0
15,Thursday,8,4,3,3,4.7,1.7
15,Thursday,8,5,4,2,4.82,0.82
15,Thursday,8,6,15,9,27.45,12.45
15,Thursday,8,7,30,S,S,0
15,Thursday,8,8,12,7,13.23,1.23
15,Thursday,8,9,2,1,2.33,0.33
15,Thursday,8,10,30,5,54.26,24.26
15,Thursday,8,11,8,8,3.9,-4.1
15,Thursday,8,12,30,S,S,0
15,Thursday,9,1,4.5,6,2.67,-1.83
15,Thursday,9,2,15,9,14.52,-0.48
15,Thursday,9,3,12,7,25.44,13.44
15,Thursday,9,4,30,2,28.27,-1.73
15,Thursday,9,5,6,5,10.59,4.59
15,Thursday,9,6,12,8,37.36,25.36
15,Thursday,9,7,15,4,16.05,1.05
15,Thursday,9,8,8,3,5.48,-2.52
15,Thursday,9,9,8,10,4.64,-3.36
15,Thursday,9,10,4,1,2.57,-1.43
15,Thursday,9,11,3.5,S,S,0
16,Friday,1,1,30,8,37.08,7.08
16,Friday,1,2,30,4,70.49,40.49
16,Friday,1,3,20,7,39.2,19.2
16,Friday,1,4,4,3,2.34,-1.66
16,Friday,1,5,12,10,16.57,4.57
16,Friday,1,6,10,11,10.74,0.74
16,Friday,1,7,1.4,1,1.06,-0.34
16,Friday,1,8,20,2,28.84,8.84
16,Friday,1,9,10,6,6.63,-3.37
16,Friday,1,10,15,9,36.81,21.81
16,Friday,1,11,20,5,98.8,78.8
16,Friday,1,12,6,S,S,0
16,Friday,2,1,8,5,14.69,6.69
16,Friday,2,2,20,S,S,0
16,Friday,2,3,30,3,53.93,23.93
16,Friday,2,4,2.5,7,2.25,-0.25
16,Friday,2,5,15,4,6.99,-8.01
16,Friday,2,6,20,6,36.46,16.46
16,Friday,2,7,0.8,1,0.66,-0.14
16,Friday,2,8,20,8,27.48,7.48
16,Friday,2,9,30,2,66.59,36.59
16,Friday,3,1,15,9,35.54,20.54
16,Friday,3,2,3.5,2,2.93,-0.57
16,Friday,3,3,2.5,5,1.73,-0.77
16,Friday,3,4,15,8,34.8,19.8
16,Friday,3,5,12,3,9.37,-2.63
16,Friday,3,6,10,6,16.92,6.92
16,Friday,3,7,6,4,6.59,0.59
16,Friday,3,8,30,S,S,0
16,Friday,3,9,4.5,1,3.76,-0.74
16,Friday,3,10,20,S,S,0
16,Friday,3,11,30,7,44.93,14.93
16,Friday,3,12,20,S,S,0
16,Friday,4,1,12,8,12.63,0.63
16,Friday,4,2,3,5,3.3,0.3
16,Friday,4,3,4.5,9,13.57,9.07
16,Friday,4,4,6,6,10.81,4.81
16,Friday,4,5,2.5,1,1.11,-1.39
16,Friday,4,6,15,7,41.29,26.29
16,Friday,4,7,6,3,7.3,1.3
16,Friday,4,8,20,4,50.18,30.18
16,Friday,4,9,30,10,61.54,31.54
16,Friday,4,10,15,2,11.61,-3.39
16,Friday,5,1,6,3,11.74,5.74
16,Friday,5,2,6,5,4.11,-1.89
16,Friday,5,3,4,6,3.91,-0.09
16,Friday,5,4,12,8,12.31,0.31
16,Friday,5,5,10,9,11.02,1.02
16,Friday,5,6,15,4,7.56,-7.44
16,Friday,5,7,20,10,39.31,19.31
16,Friday,5,8,4.5,2,3.36,-1.14
16,Friday,5,9,15,7,37.78,22.78
16,Friday,5,10,3.5,1,5.31,1.81
16,Friday,5,11,20,S,S,0
16,Friday,6,1,2,6,1.33,-0.67
16,Friday,6,2,3,1,2.34,-0.66
16,Friday,6,3,12,8,38.41,26.41
16,Friday,6,4,6,5,5.7,-0.3
16,Friday,6,5,10,3,15.62,5.62
16,Friday,6,6,8,4,21.45,13.45
16,Friday,6,7,15,7,15.37,0.37
16,Friday,6,8,4.5,2,7.07,2.57
16,Friday,7,1,12,2,8.45,-3.55
16,Friday,7,2,6,3,2.9,-3.1
16,Friday,7,3,12,11,45.47,33.47
16,Friday,7,4,15,S,S,0
16,Friday,7,5,8,8,21.12,13.12
16,Friday,7,6,3.5,6,3.09,-0.41
16,Friday,7,7,20,5,43.15,23.15
16,Friday,7,8,30,9,46.04,16.04
16,Friday,7,9,1.8,4,2.37,0.57
16,Friday,7,10,20,10,30.09,10.09
16,Friday,7,11,20,7,14.97,-5.03
16,Friday,7,12,15,1,10.98,-4.02
16,Friday,8,1,15,1,3.46,-11.54
16,Friday,8,2,12,S,S,0
16,Friday,8,3,20,4,9.69,-10.31
16,Friday,8,4,10,2,4.23,-5.77
16,Friday,8,5,8,6,2.96,-5.04
16,Friday,8,6,0.6,S,S,0
16,Friday,8,7,30,S,S,0
16,Friday,8,8,4,3,1.5,-2.5
16,Friday,8,9,30,5,31.16,1.16
16,Friday,9,1,10,8,16.44,6.44
16,Friday,9,2,20,10,52.28,32.28
16,Friday,9,3,8,5,10.51,2.51
16,Friday,9,4,12,7,12.4,0.4
16,Friday,9,5,4.5,1,3.82,-0.68
16,Friday,9,6,20,4,11.34,-8.66
16,Friday,9,7,6,9,4.31,-1.69
16,Friday,9,8,8,3,5.71,-2.29
16,Friday,9,9,20,6,53.5,33.5
16,Friday,9,10,20,2,7.12,-12.88
16,Friday,9,11,5,11,7.8,2.8
16,Friday,9,12,5,12,12.78,7.78
16,Friday,10,1,30,9,51.71,21.71
16,Friday,10,2,3,2,5.17,2.17
16,Friday,10,3,4.5,6,4.26,-0.24
16,Friday,10,4,8,1,12.65,4.65
16,Friday,10,5,20,8,31.03,11.03
16,Friday,10,6,15,10,20.18,5.18
16,Friday,10,7,10,7,7.19,-2.81
16,Friday,10,8,3.5,3,1.86,-1.64
16,Friday,10,9,8,4,20.97,12.97
16,Friday,10,10,15,5,9.53,-5.47
16,Friday,10,11,8,11,16.6,8.6
